352905611753843,iPhone 13 green 128,410
350550251199188,iPhone 14 pro max black 128,630
350455070602448,Samsung Galaxy Z Fold2 5G,410
351243326429553,iPhone 13 Pro max graphite 128,535
M23XC2JT2Y,WATCH 8 45 GRAPHITE MILANESE,235
354347187432312,iPhone 13 Pro max blue 128,620
359473644260677,iPhone 15 Pro Max Natural Titanium 256GB,1014
H4HDM7MRQ20C,iwatch 6 44 millanes loop silver,250
356329108202469,iphone 11 purple 128,260
356332101478441,iphone 11 purple 128,250
353076691800638,iPhone 12 pro gold 128,370
353063118436667,iPhone 12 black 64,250
354935415231470,iPhone 16 Pro Desert Titanium 256 GB,955
350331587774543,iPhone 16 Pro Black Titanium 128 GB,901
355975767880762,iPhone 15 Pro Max Black Titanium 256GB,930
355934725224480,iPhone 16 Pro Black Titanium 256 GB,1150
351228761646365,iPhone 13 Pro green 128,470
351073870441591,iPhone 15 Pro Max Natural Titanium 512GB,950
354828354091700,iPhone 14 pro max black 128,670
357879821277650,iphone 11 black 64,450
357284094210761,iphone Xs Max gold 512,220
356413104828764,iphone XR white 128,140
350613447244779,iPhone 12 black 128,290
353062116996102,iPhone 12 black 128,290
352897113047529,iphone 11 white 64,220
356461107192365,iphone XR black 64,170
350060423329051,iPhone 13 Pro blue 128 dual,1050
358073465648975,iPhone 14 pro gold 128,1065
358416188004390,iPhone 14 pro max purple 128,1293
FH7Y118AKDTD,iwatch 4 44 millanes loop black,240
fh7xw7rykdtd,iwatch 4 44 millanes loop black,200
D92Z417PMLDM,iwatch 5 44 millanes loop silver,440
RFAMA1WSZQN,Activ 2,90
RFAN23R4TXT,Activ 2,50
RFARA1L36GM,Samsung watch 4,130
R5AK80LMP5J,WATCH 3,75
RFAN209CETF,Samsung watch 4,50
358743274419418,iPhone 13 midnight 128,400
350270059043732,iPhone 14 pro max gold  128,1420
357917870060096,iPhone 14 pro max purple 128,650
M592VH97W3,AIRPODS PRO 2,70
350522073277476,iPhone 12 pro blue 256,350
356696115810272,iPhone 12 pro max blue 128,340
LVQY67V56M,iWatch Series 9 45mm Midnight,250
353281478158123,iPhone 15 Pro Natural Titanium 256GB,1420
356856112293324,iphone 11 white 64,250
351083739673706,iPhone 14 pro purple 256,600
356587109592317,iphone 11 purple 128,230
353233957070964,iPhone 15 Pro Black Titanium 256GB,1530
353210486299116,iPhone 13 Pro max green 256,550
352301450307711,iPhone 14 pro max purple 512,687
357929982402827,iPhone 12 black 128,580
351123622887086,iPhone 13 blue 128,440
356041400308577,iPhone 14 pro max gold  128,600
356593105720308,iphone 11 black 64,225
356582107598218,iphone 11 black 64,225
359379491322371,iPhone 12 black 128,250
354794863758553,iPhone 12 pro blue 128,680
356683111172741,iPhone 12 pro gold 128,324
351786560767757,iPhone 13 Pro max graphite 128,635
356692112932169,iPhone 12 pro blue 128,350
358309639632176,iPhone 16 Pro Black Titanium 256 GB,860
357352094223603,iphone XR blue 64,160
357061227925451,iPhone 12 pro max graphite 128,450
355149933161941,iPhone 15 Pro Max Black Titanium 256GB,900
352835984048929,iPhone 13 Pro blue 128,480
359622569789256,iPhone 13 midnight 256,850
353237103430279,iPhone 11 pro green 256,213
354106773252066,iPhone 13 Pro max graphite 128,550
C7M65TQCT7,iWatch Series 9 45mm Midnight,120
C25Y7JCV4T,iwatch 8 45 black,140
350719111267820,iPhone 15 Pro Black Titanium 256GB,1550
356973254208943,iPhone 15 Pro Blue Titanium 256GB,1435
352206201617096,iPhone 13 Pro max blue 128,570
351845974709373,iphone 11 white 128,260
351066258559554,iPhone 12 blue 64,270
353781183397288,iPhone 12 pro gold 128,720
351606646121581,iPhone 13 starlight 128,400
356695111962731,iPhone 12 pro blue 128,400
356961135426602,iPhone 12 pro graphite 128,800
JQ6321JP6Q,iWatch Series 9 45mm Midnight,160
356553104296098,iphone 11 black 64,230
358461429713193,iphone 11 white 128,170
357356095310657,iphone XR white 64,120
356588107979167,iphone 11 black 128,210
359340249746352,iPhone 16 Pro Max White Titanium 128 GB,850
354700280429744,iPhone 13 Pro graphite 128,500
358275383632979,iPhone 13 Pro max graphite 128,1090
358522145614047,iPhone 12 pro gold 128,380
352472887058894,iPhone 14 pro max black 256,700
356731110328853,iPhone 12 pro gold 128,410
355999912118951,iPhone 14 pro max purple 128,1312
353547792563168,iPhone 14 plus midnight 256,520
352996434370238,iPhone 13 Pro max blue 128,610
351588829107779,iPhone 12 blue 64,300
353730396328911,iPhone 12 pro max blue 128,450
L24LQGN4LJ,iwatch 8 45 black,140
350381396494163,iPhone 13 Pro max gold 128,500
357171850027796,iPhone 12 pro graphite 128,350
353836106282171,iPhone 11 pro silver 256,460
353414867284891,iPhone 13 green 128,800
354347187604340,iPhone 13 Pro max green 128,630
350019047069063,iPhone 13 Pro max gold 128,1260
352472595068532,iPhone 13 blue 128,420
358635148349393,iPhone 16 Pro Desert Titanium 256 GB,1100
869377070580461,Redmi Note 14 Midnight Black,270
353023112954776,iPhone 12 mini white 64,210
354991559815883,iPhone 12 pro blue 256,380
359922294988367,iPhone 16 Pro Max Black Titanium 256 GB,900
352850796598797,iPhone 12 pro max blue 128,340
350905820321152,iPhone 12 pro graphite 128,330
350806070912593,Samsung Galaxy S23 plus 512,410
359500088637422,iphone 8 plus space black 256,80
356694117921270,iPhone 12 pro graphite 128,320
353990996701327,iPhone 13 Pro graphite 128,1085
350270059043732,iPhone 14 pro max gold  128,1420
356116980800043,iPhone 15 Pro Black Titanium 128GB,700
352725355195906,iPhone 13 Pro gold 128,1005
353846102393229,iPhone 11 pro green 256,240
356910632457875,iPhone 16 Pro Max Desert Titanium 256 GB,760
353281478158123,iPhone 15 Pro Natural Titanium 256GB,1420
352348746136750,iPhone 14 pro max purple 128,1470
352668919127595,iPhone 13 Pro green 128,1000
355387498450727,iPhone 13 Pro graphite 128,1170
353990994574106,iPhone 13 Pro blue 128,520
356548104715345,iphone 11 purple 64,240
353241104873982,iPhone 11 pro silver 64,215
350813120460102,Samsung Galaxy S22 black 128,230
356680118369411,iPhone 12 pro gold 128 dual,280
357447881844791,iPhone 13 Pro max blue 128,600
354073555553477,iPhone 13 Pro graphite 128,520
356691118099106,iPhone 12 pro blue 128,280
359451183951583,iPhone 13 blue 128,280
359405080191917,Iphone X silver 64,120
352852880487515,iPhone 16 Pro Black Titanium 128 GB,820
352408238149933,iPhone 13 midnight 128,384
353837104225030,iPhone 11 pro green 256,445
353240104483826,iPhone 11 pro green 64,220
JQ93VVXG6F,iwatch SE 44 starlight,60
353892107488341,iPhone 11 pro max gold 64,280
353076693951280,iPhone 12 pro silver 128,280
352845111842144,iPhone 11 pro max green 64,280
354834141065973,iPhone 12 black 128,270
JQQXT2GVMY,iWatch Series 9 41mm Midnight,100
350331586452059,iPhone 16 Pro Natural Titanium 256 GB,840
356713118096039,iPhone 12 pro max gold 128,250
351194968096202,iPhone 12 pro blue 256 dual,330
353872861696727,iPhone 12 mini black 64,130
355075999179123,iPhone 13 midnight 128,390
358074290949182,iPhone 13 Pro max blue 128,370
353911401744934,iPhone 16 Pro Max Desert Titanium 256 GB,860
351655956277889,iPhone 16 Pro Max Desert Titanium 256 GB,890
353134984621508,iPhone 15 Pro Max Natural Titanium 256GB,750
358798966941533,iPhone 16 Pro Max Desert Titanium 256 GB,950
354300907498485,iPhone 13 midnight 128,300
356553316203064,iPhone 15 Pro Max Blue Titanium 256GB,1620
352852115847830,iPhone 11 pro max green 256,235
358686322893318,iPhone 14 pro max purple 128,550
356586863701312,iPhone 13 blue 128,330
354449444043310,iPhone 15 Pro Max Blue Titanium 256GB,760
357362098455812,iphone XR black 64,140
356553313985705,iPhone 15 Pro Max Natural Titanium 256GB,830
350717694660486,iPhone 15 Pro Max Natural Titanium 256GB,780
353997891288656,iPhone 13 Pro max gold 128,500
353843102456882,iPhone 11 pro green 64,200
358795289923511,iPhone 14 pro max purple 128,560
356693118462631,iPhone 12 pro blue 128,260
353751251568291,iPhone 14 pro max black 256,610
356729110202789,iPhone 12 pro max blue 512,320
356295374458228,iPhone 14 plus blue 128,820
356514417102829,iPhone 13 Pro max blue 128,630
358034167592770,iPhone 14 pro max black 128,580
356311881164439,iPhone 16 Pro Desert Titanium 128 GB,880
355551415647893,iPhone 15 Pro Black Titanium 256GB,1280
352913655149191,iPhone 16 Pro Max Black Titanium 256 GB,2050
351366064386899,iPhone 16 Pro Max Desert Titanium 256 GB,1000
351486003294804,iPhone 16 Pro Max Desert Titanium 256 GB,1000
353357358143045,iPhone 16 Pro Desert Titanium 128 GB,780
354746825227291,iphone 11 purple 128,200
353043113384666,iPhone 12 red 128 ,220
357879438340750,iPhone 14 pro max black 256,600
350550256378878,iPhone 14 pro max gold 256,570
353888102136513,iPhone 11 pro max graphite 256,270
350069705361500,iPhone 15 Pro Max White Titanium 256GB,680
354040289568287,iPhone 13 blue 128,750
350742136247445,iPhone 12 pro silver 128,160
351008266627759,iphone 17 pro max orange 512,1600
351243328081816,iPhone 13 Pro max blue 128,1010
356901457288867,iPhone 14 pro purple 128,400
357583479760666,iPhone 16 Pro Max Desert Titanium 256 GB,1050
351655952131650,iPhone 16 Pro Max Desert Titanium 256 GB,920
350923382774122,iPhone 14 pro black 1tb,600
350717693663465,iPhone 15 Pro Max Black Titanium 256GB,800
357361096386383,iphone XR white 64,150
359162412531092,iPhone 15 Pro Max White Titanium 512GB,800
359824377888037,iPhone 15 Pro Max Natural Titanium 1TB,750
359824372820407,iPhone 15 Pro Max Blue Titanium 512GB,770
358598525999950,iPhone 13 starlight 128,275
358457880934286,iPhone 14 pro max purple 256,600
357737718744697,iPhone 13 green 128,260
353324832383597,iPhone 16 Pro Max Desert Titanium 256 GB,1000
351037791213363,iPhone 16 Pro Max Black Titanium 256 GB,950
355908666425926,iPhone 13 Pro max blue 128,370
353927423343109,iPhone 15 Blue 128 GB,480
356740916790729,iPhone 12 pro graphite 128,280
350270056236974,iPhone 14 pro max black 256,1270
351016868275992,iPhone 15 Pro Max Blue Titanium 256GB,700
356806112906136,iphone 11 white 64,120
352745368167080,iPhone 16 Pro Max Desert Titanium 256 GB,930